{
  "model": "distilbert-base-uncased",
  "epochs": 3,
  "learning_rate": 2e-05,
  "train_samples": 842,
  "test_samples": 211,
  "test_accuracy": 0.9620853080568721,
  "precision": 0.9611650485436893,
  "recall": 1.0,
  "f1_score": 0.9801980198019802,
  "confusion_matrix": [
    [
      5,
      8
    ],
    [
      0,
      198
    ]
  ]
}